Player ID,X Location,Y Location,Total_Seconds_Remaining,Shot_Type_Encoded,Shot_Distance_Meters,Shot_Zone_Combined,Shot Made Flag
201580,13,6,571,2,0.3048,1,0
1889,-96,145,237,2,5.1816,3,0
2203,0,0,196,2,0.0,1,1
951,164,199,7,3,7.62,5,0
2545,24,206,46,2,6.096,4,0
201587,234,22,290,3,7.010400000000001,6,0
201567,-156,216,678,3,7.9248,5,0
219,-36,57,80,2,1.8288000000000002,2,1
947,95,354,0,3,10.972800000000001,5,0
1938,-105,146,590,2,5.1816,3,0
2050,62,232,559,3,7.315200000000001,5,0
977,-4,4,201,2,0.0,1,1
2585,122,13,379,2,3.6576000000000004,4,0
960,154,204,540,3,7.62,5,1
275,171,10,287,2,5.1816,4,0
2547,64,174,162,2,5.486400000000001,4,1
201942,-119,17,277,2,3.6576000000000004,3,0
949,-134,74,422,2,4.572,3,0
754,-205,173,119,3,7.9248,5,1
202718,-8,19,9,2,0.6096,1,1
201567,-52,278,585,3,8.5344,5,1
201150,-7,17,384,2,0.3048,1,1
1749,-230,0,397,3,7.010400000000001,6,1
1712,172,-24,637,2,5.1816,4,0
56,28,35,362,2,1.2192,2,1
2561,-15,14,473,2,0.6096,1,1
202327,-58,21,23,2,1.8288000000000002,2,0
2419,-54,6,696,2,1.524,2,1
203076,3,7,268,2,0.0,1,1
1740,-64,271,2,3,8.2296,5,0
201584,-207,165,696,3,7.9248,5,1
203476,1,248,565,3,7.315200000000001,5,0
1733,0,0,228,2,0.0,1,1
202329,-109,61,634,2,3.6576000000000004,3,1
200745,46,240,604,3,7.315200000000001,5,0
696,1,244,502,3,7.315200000000001,5,1
1629056,-13,268,101,3,7.9248,5,1
965,179,15,244,2,5.1816,4,0
2405,-122,133,311,2,5.486400000000001,3,0
202325,-29,28,511,2,1.2192,2,1
203526,47,5,20,2,1.2192,2,0
1000,0,0,215,2,0.0,1,1
2590,0,7,550,2,0.0,1,1
201580,2,11,76,2,0.3048,1,1
2754,-166,40,695,2,5.1816,3,1
2561,-166,80,266,2,5.486400000000001,3,0
714,-148,153,285,2,6.4008,3,0
202698,146,-6,590,2,4.2672,4,0
203460,-5,7,593,2,0.0,1,1
203918,226,67,479,3,7.010400000000001,6,1
2548,143,137,281,2,5.7912,4,1
202330,31,-2,109,2,0.9144000000000001,1,0
1890,0,0,160,2,0.0,1,1
200745,-131,203,49,3,7.315200000000001,5,0
1521,-136,183,251,2,6.7056000000000004,3,0
201145,168,7,353,2,4.8768,4,1
1626184,-185,188,31,3,7.9248,5,0
2470,3,263,247,3,7.9248,5,0
202391,9,12,604,2,0.3048,1,1
2207,-237,-31,2,3,7.010400000000001,6,1
2753,0,0,85,2,0.0,1,0
2572,-27,175,187,2,5.1816,4,0
203086,151,190,355,3,7.315200000000001,5,0
2544,0,1,483,2,0.0,1,1
203944,-5,29,88,2,0.6096,1,0
951,128,53,99,2,3.9624,4,1
1897,0,0,212,2,0.0,1,0
200794,42,125,711,2,3.9624,2,1
202693,9,-2,667,2,0.0,1,0
203944,5,37,243,2,0.9144000000000001,1,1
56,-31,19,313,2,0.9144000000000001,1,1
101128,112,220,194,3,7.315200000000001,5,1
2209,-157,190,82,3,7.315200000000001,5,0
2229,-41,217,362,2,6.7056000000000004,4,1
202732,236,8,80,3,7.010400000000001,6,1
101112,102,235,241,3,7.62,5,0
699,0,0,702,2,0.0,1,0
111,-113,53,524,2,3.6576000000000004,3,1
2440,-116,228,159,3,7.62,5,0
406,106,36,702,2,3.3528000000000002,4,0
200745,0,215,328,2,6.4008,4,1
202738,-15,244,618,3,7.315200000000001,5,1
201152,152,12,577,2,4.572,4,1
2760,14,89,148,2,2.7432000000000003,2,0
1905,-157,63,568,2,4.8768,3,0
200771,0,0,635,2,0.0,1,1
708,0,0,19,2,0.0,1,1
203527,43,116,181,2,3.6576000000000004,2,0
2581,-55,254,492,3,7.62,5,0
101198,181,55,517,2,5.486400000000001,4,0
686,-119,141,550,2,5.486400000000001,3,1
923,-105,232,563,3,7.62,5,0
1716,108,83,499,2,3.9624,4,0
779,-171,59,158,2,5.486400000000001,3,0
1626167,-168,189,169,3,7.62,5,0
2420,-28,15,355,2,0.9144000000000001,1,0
101108,54,250,2,3,7.62,5,0
201569,21,3,404,2,0.6096,1,0
1628373,30,38,477,2,1.2192,2,0
1626156,233,7,401,3,7.010400000000001,6,1
1715,133,178,180,2,6.7056000000000004,4,1
201945,9,6,174,2,0.3048,1,0
200752,-25,101,103,2,3.048,2,1
1715,190,0,101,2,5.7912,4,1
782,0,0,568,2,0.0,1,0
201596,0,0,661,2,0.0,1,0
201942,33,99,635,2,3.048,2,1
201960,227,65,166,3,7.010400000000001,6,0
200769,28,192,241,2,5.7912,4,0
2215,-6,215,372,2,6.4008,4,0
951,0,0,544,2,0.0,1,1
202685,1,34,696,2,0.9144000000000001,1,0
255,-143,57,659,2,4.572,3,0
201951,0,9,0,2,0.0,1,1
201572,45,-6,184,2,1.2192,2,1
2209,0,0,109,2,0.0,1,1
1496,-67,30,423,2,2.1336,2,1
1889,-131,61,234,2,4.2672,3,0
363,0,0,384,2,0.0,1,1
200769,173,39,565,2,5.1816,4,0
101141,-184,178,463,3,7.62,5,0
201980,-168,85,575,2,5.486400000000001,3,0
2736,6,53,221,2,1.524,2,1
203315,-23,165,188,2,4.8768,4,1
2294,-223,143,258,3,7.9248,5,0
201584,-127,126,484,2,5.1816,3,1
2207,3,68,214,2,1.8288000000000002,2,0
1749,167,439,0,3,14.020800000000001,7,0
2216,-174,183,362,3,7.62,5,0
200745,206,544,0,3,17.6784,7,0
203107,-125,223,664,3,7.62,5,0
201939,43,4,577,2,1.2192,2,1
1713,167,125,143,2,6.096,4,0
2200,0,0,503,2,0.0,1,0
2240,156,199,491,3,7.62,5,1
203998,1,12,91,2,0.3048,1,1
1508,0,0,163,2,0.0,1,0
2042,-222,7,296,3,6.7056000000000004,6,1
2544,-18,58,218,2,1.8288000000000002,2,0
1717,0,0,256,2,0.0,1,0
2250,-8,247,32,3,7.315200000000001,5,1
201142,0,44,511,2,1.2192,2,0
201939,118,58,29,2,3.9624,4,1
782,-187,169,644,3,7.62,5,1
201604,-7,143,434,2,4.2672,4,0
977,107,161,226,2,5.7912,4,0
693,-152,55,676,2,4.8768,3,0
101127,-75,244,7,3,7.62,5,0
201600,15,7,677,2,0.3048,1,0
1628980,3,146,63,2,4.2672,4,0
200755,218,179,13,3,8.5344,5,0
2207,2,90,563,2,2.7432000000000003,2,0
202738,-189,149,302,3,7.315200000000001,5,0
2210,0,1,582,2,0.0,1,1
156,-74,100,55,2,3.6576000000000004,2,0
202330,-147,132,3,2,5.7912,3,1
201143,12,74,281,2,2.1336,2,1
1711,121,222,674,3,7.62,5,1
201980,-136,140,453,2,5.7912,3,0
2770,190,7,274,2,5.7912,4,0
1888,-230,12,162,3,7.010400000000001,6,0
696,0,0,577,2,0.0,1,0
2744,-13,0,155,2,0.3048,1,1
2078,67,166,43,2,5.1816,4,0
764,134,4,265,2,3.9624,4,1
1627755,100,117,19,2,4.572,4,1
891,-162,207,11,3,7.9248,5,0
1536,125,50,646,2,3.9624,4,0
739,0,0,10,2,0.0,1,1
1715,47,47,365,2,1.8288000000000002,2,1
2574,159,60,527,2,4.8768,4,1
1897,184,186,381,3,7.9248,5,0
213,11,85,684,2,2.4384,2,1
203991,0,1,290,2,0.0,1,1
203524,187,169,195,3,7.62,5,0
2225,73,155,222,2,5.1816,4,1
202714,225,33,351,3,6.7056000000000004,6,1
1899,-183,57,657,2,5.7912,3,0
1626153,-91,236,587,3,7.62,5,0
2742,97,224,34,3,7.315200000000001,5,0
101138,-143,18,422,2,4.2672,3,0
201949,-125,172,497,2,6.4008,3,0
1628991,-56,73,594,2,2.7432000000000003,2,1
203503,184,169,117,3,7.315200000000001,5,0
1921,0,0,160,2,0.0,1,1
2207,30,7,97,2,0.9144000000000001,1,0
252,20,61,473,2,1.8288000000000002,2,0
358,-109,-8,646,2,3.048,3,0
1541,-80,12,179,2,2.4384,2,1
469,51,179,86,2,5.486400000000001,4,0
2555,0,0,63,2,0.0,1,1
2067,154,194,634,3,7.315200000000001,5,0
948,0,0,379,2,0.0,1,1
1744,-117,9,341,2,3.3528000000000002,3,1
213,-10,5,707,2,0.3048,1,1
2544,18,211,233,2,6.4008,4,1
203504,82,251,213,3,7.9248,5,0
1503,-146,153,609,2,6.4008,3,1
1628392,-7,28,488,2,0.6096,1,0
202361,3,11,265,2,0.3048,1,1
977,-150,227,642,3,8.2296,5,1
22,-119,-23,466,2,3.6576000000000004,3,1
970,148,23,359,2,4.2672,4,0
977,165,194,101,3,7.62,5,1
299,167,-13,616,2,4.8768,4,0
1716,0,0,522,2,0.0,1,1
708,42,229,255,2,7.010400000000001,4,0
2547,-105,149,695,2,5.486400000000001,3,1
699,23,30,341,2,0.9144000000000001,1,1
201581,-67,148,118,2,4.8768,3,0
203490,1,2,300,2,0.0,1,0
202362,95,159,468,2,5.486400000000001,4,0
201935,122,95,161,2,4.572,4,1
1051,0,0,29,2,0.0,1,0
2561,0,0,368,2,0.0,1,1
2046,7,251,393,3,7.62,5,0
949,98,5,198,2,2.7432000000000003,4,0
1626169,236,1,341,3,7.010400000000001,6,0
353,128,174,405,2,6.4008,4,0
956,0,0,699,2,0.0,1,1
281,-164,18,506,2,4.8768,3,0
2030,0,0,336,2,0.0,1,1
2544,-235,64,324,3,7.315200000000001,6,1
1729,-158,-5,358,2,4.572,3,0
1884,0,0,389,2,0.0,1,1
124,-10,253,1,3,7.62,5,0
1627741,221,120,393,3,7.62,5,0
89,226,-8,531,3,6.7056000000000004,6,0
1740,0,0,302,2,0.0,1,1
203079,148,200,138,3,7.315200000000001,5,0
2419,0,0,479,2,0.0,1,0
1497,20,5,286,2,0.6096,1,0
200794,-6,18,389,2,0.3048,1,1
1626153,5,15,483,2,0.3048,1,0
2590,2,-2,489,2,0.0,1,0
1717,-24,2,226,2,0.6096,1,1
2436,181,186,649,3,7.62,5,0
1627747,213,125,292,3,7.315200000000001,5,1
203492,182,4,385,2,5.486400000000001,4,1
201143,1,-9,667,2,0.0,1,1
2240,16,91,43,2,2.7432000000000003,2,1
1536,97,173,275,2,5.7912,4,0
2754,131,163,256,2,6.096,4,0
1629027,-22,18,358,2,0.6096,1,0
101122,0,0,349,2,0.0,1,0
677,104,91,8,2,3.9624,4,0
201150,154,189,327,3,7.315200000000001,5,0
201158,120,220,40,3,7.62,5,0
2550,161,210,171,3,7.9248,5,1
2206,143,13,383,2,4.2672,4,0
200748,-73,56,555,2,2.7432000000000003,2,0
949,-126,33,240,2,3.9624,3,0
57,0,0,0,2,0.0,1,1
2546,155,116,616,2,5.7912,4,0
200816,179,171,502,3,7.315200000000001,5,0
1497,182,174,285,3,7.62,5,1
1723,0,0,10,2,0.0,1,1
201961,185,172,281,3,7.62,5,0
693,151,130,62,2,5.7912,4,0
200755,9,230,473,2,7.010400000000001,4,0
2399,-138,46,494,2,4.2672,3,1
2749,-61,156,508,2,4.8768,3,0
98,-1,3,129,2,0.0,1,1
1938,-195,176,16,3,7.9248,5,0
2679,-217,140,69,3,7.62,5,0
1719,0,0,683,2,0.0,1,0
2556,110,109,628,2,4.572,4,1
673,0,0,389,2,0.0,1,1
200768,0,0,457,2,0.0,1,0
201977,-56,172,279,2,5.486400000000001,3,0
203561,-57,107,15,2,3.6576000000000004,2,0
317,188,-11,258,2,5.486400000000001,4,0
111,-21,66,346,2,1.8288000000000002,2,0
1500,-197,55,374,2,6.096,3,1
2757,-3,3,704,2,0.0,1,1
1889,170,0,33,2,5.1816,4,1
202340,8,67,362,2,1.8288000000000002,2,1
202333,-18,4,509,2,0.3048,1,0
2592,112,192,445,2,6.7056000000000004,4,0
1536,84,233,425,3,7.315200000000001,5,0
958,42,44,36,2,1.8288000000000002,2,0
101130,23,15,368,2,0.6096,1,1
2555,166,-8,474,2,4.8768,4,1
101150,-95,227,9,3,7.315200000000001,5,0
2045,-166,184,458,3,7.315200000000001,5,0
2546,85,5,55,2,2.4384,4,0
948,0,0,408,2,0.0,1,0
2804,52,245,413,3,7.62,5,0
2772,0,0,213,2,0.0,1,1
384,171,114,51,2,6.096,4,0
203076,38,52,542,2,1.8288000000000002,2,0
1712,-156,117,3,2,5.7912,3,0
782,-189,7,643,2,5.486400000000001,3,1
693,0,0,391,2,0.0,1,1
1521,70,66,178,2,2.7432000000000003,2,1
1733,-223,116,364,3,7.62,5,0
203138,1,44,146,2,1.2192,2,0
1883,0,0,98,2,0.0,1,0
1894,-200,13,592,2,6.096,3,0
1626148,-96,254,12,3,8.2296,5,1
785,145,227,526,3,7.9248,5,0
467,235,82,366,3,7.315200000000001,6,1
101141,61,10,173,2,1.8288000000000002,2,0
935,-200,97,318,2,6.7056000000000004,3,1
201577,-93,14,585,2,2.7432000000000003,3,0
317,-12,200,377,2,6.096,4,0
201954,-23,179,3,2,5.486400000000001,4,0
2223,-159,-13,217,2,4.572,3,1
317,229,-27,313,3,7.010400000000001,6,0
200752,-122,208,659,3,7.315200000000001,5,0
1883,0,0,562,2,0.0,1,0
203498,13,0,590,2,0.3048,1,0
1517,-232,8,4,3,7.010400000000001,6,0
753,0,0,544,2,0.0,1,1
203085,114,224,239,3,7.62,5,0
2550,-108,167,491,2,5.7912,3,1
952,235,-15,657,3,7.010400000000001,6,1
201152,-9,67,462,2,1.8288000000000002,2,0
2744,-11,176,303,2,5.1816,4,1
2747,-102,223,322,3,7.315200000000001,5,1
201936,-226,56,444,3,7.010400000000001,6,0
363,113,85,188,2,4.2672,4,1
203076,80,14,123,2,2.4384,2,0
1725,67,141,316,2,4.572,4,0
1894,0,0,658,2,0.0,1,1
2207,111,189,591,2,6.4008,4,0
2420,0,0,183,2,0.0,1,1
201933,128,228,437,3,7.9248,5,1
1902,-12,0,275,2,0.3048,1,0
201150,91,2,489,2,2.7432000000000003,4,1
202693,157,0,437,2,4.572,4,0
2547,0,0,356,2,0.0,1,1
708,173,-11,463,2,5.1816,4,1
1712,178,47,166,2,5.486400000000001,4,1
200794,-127,0,385,2,3.6576000000000004,3,0
1717,-162,-12,332,2,4.8768,3,0
202702,26,11,27,2,0.6096,1,0
978,196,143,252,3,7.315200000000001,5,0
201150,127,56,532,2,3.9624,4,0
297,-168,9,272,2,4.8768,3,0
296,63,156,606,2,4.8768,4,1
185,0,0,556,2,0.0,1,0
1717,-136,110,687,2,5.1816,3,1
1509,118,148,274,2,5.486400000000001,4,0
1713,-57,246,42,3,7.62,5,0
101112,22,252,321,3,7.62,5,0
201144,-15,12,170,2,0.3048,1,0
201203,73,17,30,2,2.1336,2,0
2201,-2,51,689,2,1.524,2,1
200794,0,0,324,2,0.0,1,1
2548,-102,66,553,2,3.6576000000000004,3,1
201565,88,61,394,2,3.048,4,1
458,-238,-6,313,3,7.010400000000001,6,0
200765,0,0,549,2,0.0,1,1
2246,-107,212,74,3,7.010400000000001,3,1
201566,0,0,82,2,0.0,1,0
1627736,-167,172,602,3,7.010400000000001,5,0
101135,-163,112,367,2,5.7912,3,0
1626179,-119,231,445,3,7.62,5,0
2548,27,75,651,2,2.1336,2,1
1731,89,41,508,2,2.7432000000000003,4,0
22,-96,5,136,2,2.7432000000000003,3,0
1863,123,100,12,2,4.572,4,0
200746,12,1,231,2,0.3048,1,1
1628972,-8,53,120,2,1.524,2,1
714,162,5,221,2,4.8768,4,0
2804,236,-5,158,3,7.010400000000001,6,0
201580,4,15,714,2,0.3048,1,0
1628374,57,246,483,3,7.62,5,0
201933,-139,94,487,2,4.8768,3,1
200758,0,0,637,2,0.0,1,0
2544,-18,0,142,2,0.3048,1,0
84,239,-16,538,3,7.010400000000001,6,0
467,29,79,440,2,2.4384,2,1
1952,26,227,142,2,6.7056000000000004,4,0
201565,-78,134,702,2,4.572,2,1
1897,47,18,687,2,1.524,2,1
201142,154,113,302,2,5.7912,4,1
384,-131,104,41,2,4.8768,3,0
1508,90,33,329,2,2.7432000000000003,4,0
202714,0,25,514,2,0.6096,1,0
202696,51,91,252,2,3.048,2,0
2546,-177,54,655,2,5.486400000000001,3,1
166,102,236,610,3,7.62,5,0
2571,141,214,133,3,7.62,5,1
203471,33,61,89,2,1.8288000000000002,2,0
1908,0,0,471,2,0.0,1,1
203093,-16,23,263,2,0.6096,1,1
1917,-183,186,144,3,7.9248,5,0
201880,17,19,482,2,0.6096,1,0
1907,-67,106,142,2,3.6576000000000004,2,0
201156,67,129,660,2,4.2672,2,0
200745,-93,23,330,2,2.7432000000000003,3,1
201142,-5,58,453,2,1.524,2,0
1742,-184,189,25,3,7.9248,5,1
202326,18,20,437,2,0.6096,1,1
717,-25,46,64,2,1.524,2,0
2757,0,99,549,2,2.7432000000000003,2,0
911,0,0,176,2,0.0,1,0
361,-86,80,532,2,3.3528000000000002,3,0
203561,58,11,615,2,1.524,2,0
201567,19,4,698,2,0.3048,1,0
1626181,141,203,15,3,7.315200000000001,5,0
441,-162,40,557,2,4.8768,3,0
2749,237,44,16,3,7.315200000000001,6,0
15,-185,173,627,3,7.62,5,1
224,-240,41,106,3,7.315200000000001,6,0
2561,0,0,341,2,0.0,1,0
2617,2,165,527,2,4.8768,4,0
200752,-232,101,417,3,7.62,5,0
1716,100,54,452,2,3.3528000000000002,4,1
101150,-16,201,143,2,6.096,4,0
978,123,156,118,2,5.7912,4,0
201609,128,-6,680,2,3.6576000000000004,4,0
1495,0,0,2,2,0.0,1,0
1713,0,0,688,2,0.0,1,1
203145,-16,3,663,2,0.3048,1,0
1628415,21,90,592,2,2.7432000000000003,2,0
201952,5,11,479,2,0.3048,1,1
203952,6,242,153,3,7.315200000000001,5,1
699,-161,187,651,3,7.315200000000001,5,1
757,-223,79,98,3,7.010400000000001,6,0
201147,21,56,348,2,1.524,2,0
201939,10,11,521,2,0.3048,1,0
201567,-127,153,329,2,5.7912,3,1
202693,225,111,675,3,7.62,5,1
2581,189,151,593,3,7.315200000000001,5,0
2755,-49,47,398,2,1.8288000000000002,2,1
201202,-65,45,177,2,2.1336,2,0
2548,0,0,599,2,0.0,1,1
1712,-202,0,653,2,6.096,3,1
1538,111,145,149,2,5.486400000000001,4,0
101162,-4,-11,360,2,0.3048,1,1
202339,-49,248,340,3,7.62,5,0
200765,138,221,238,3,7.9248,5,1
1630,0,0,685,2,0.0,1,1
201943,42,252,285,3,7.62,5,1
990,47,169,312,2,5.1816,4,0
1891,-160,176,674,3,7.010400000000001,5,0
203081,-160,195,75,3,7.62,5,0
2590,118,219,380,3,7.315200000000001,5,0
1729,-176,0,325,2,5.1816,3,0
2210,0,0,334,2,0.0,1,1
1498,-82,63,445,2,3.048,3,1
2216,-10,13,157,2,0.3048,1,0
203918,226,14,408,3,6.7056000000000004,6,1
203110,71,239,364,3,7.315200000000001,5,0
1628398,102,242,381,3,7.9248,5,0
203914,9,15,265,2,0.3048,1,0
1607,18,222,44,2,6.7056000000000004,4,0
960,188,0,168,2,5.486400000000001,4,0
2730,0,0,503,2,0.0,1,1
1891,-161,210,294,3,7.9248,5,0
2744,151,69,27,2,4.8768,4,0
203490,87,117,613,2,4.2672,4,0
2742,-223,-8,171,3,6.7056000000000004,6,1
203468,-56,127,643,2,3.9624,2,0
682,0,0,211,2,0.0,1,1
202344,-16,38,514,2,1.2192,2,0
203501,119,233,658,3,7.9248,5,0
201572,0,-6,458,2,0.0,1,1
101162,-2,144,251,2,4.2672,4,1
1889,-25,7,337,2,0.6096,1,1
1504,149,27,674,2,4.572,4,0
200797,0,0,596,2,0.0,1,1
1626144,193,168,234,3,7.62,5,1
203999,22,125,126,2,3.6576000000000004,2,1
200770,-127,23,447,2,3.6576000000000004,3,1
133,0,0,531,2,0.0,1,1
1717,39,137,0,2,4.2672,2,1
201188,-103,58,547,2,3.3528000000000002,3,0
1495,-81,1,256,2,2.4384,3,1
201154,-8,12,107,2,0.3048,1,1
202702,-19,55,533,2,1.524,2,1
270,0,0,557,2,0.0,1,0
201569,86,192,358,2,6.4008,4,0
2412,-174,8,248,2,5.1816,3,0
201188,-54,12,20,2,1.524,2,1
203484,-160,101,708,2,5.486400000000001,3,0
201586,89,57,280,2,3.048,4,0
203110,-4,-2,154,2,0.0,1,1
1718,118,115,77,2,4.8768,4,0
2045,144,95,252,2,5.1816,4,1
757,-151,353,0,3,11.5824,5,0
2400,-136,86,391,2,4.8768,3,0
962,227,10,575,3,6.7056000000000004,6,0
2772,119,210,212,3,7.315200000000001,5,0
1628404,-217,122,545,3,7.315200000000001,5,0
45,-51,186,485,2,5.7912,4,0
2248,30,22,185,2,0.9144000000000001,1,1
202704,-239,12,270,3,7.010400000000001,6,1
1627775,19,7,220,2,0.6096,1,1
952,5,61,335,2,1.8288000000000002,2,0
1626164,46,21,122,2,1.524,2,0
2049,13,187,114,2,5.486400000000001,4,0
965,-54,40,177,2,1.8288000000000002,2,0
1627785,165,189,462,3,7.62,5,0
1885,0,0,571,2,0.0,1,1
1888,-37,15,34,2,0.9144000000000001,1,0
45,-70,235,181,3,7.315200000000001,5,0
2572,169,26,489,2,5.1816,4,1
201933,-35,1,150,2,0.9144000000000001,1,1
201564,53,42,434,2,1.8288000000000002,2,1
203141,107,77,311,2,3.9624,4,1
101145,18,9,194,2,0.6096,1,1
101211,-16,3,404,2,0.3048,1,0
1627785,-24,-6,194,2,0.6096,1,1
2743,1,194,141,2,5.7912,4,0
1709,-46,72,441,2,2.4384,2,1
213,-82,156,528,2,5.1816,3,1
202683,10,11,303,2,0.3048,1,1
203897,6,-6,25,2,0.0,1,1
101108,-9,21,168,2,0.6096,1,0
1626162,37,67,174,2,2.1336,2,0
203561,-16,14,705,2,0.6096,1,0
2365,0,0,602,2,0.0,1,0
2545,42,52,594,2,1.8288000000000002,2,0
203187,234,20,556,3,7.010400000000001,6,1
954,147,214,322,3,7.62,5,0
693,0,0,696,2,0.0,1,0
1740,-32,9,463,2,0.9144000000000001,1,1
2584,62,28,703,2,1.8288000000000002,2,0
1938,-197,156,426,3,7.62,5,0
201951,17,14,149,2,0.6096,1,1
203999,11,27,536,2,0.6096,1,0
2624,-234,14,37,3,7.010400000000001,6,1
2449,-120,126,456,2,5.1816,3,1
201150,-175,1,645,2,5.1816,3,1
201585,0,20,213,2,0.6096,1,0
101132,-215,150,426,3,7.9248,5,1
201161,-239,31,298,3,7.315200000000001,6,1
201573,0,63,351,2,1.8288000000000002,2,1
2731,-5,71,415,2,2.1336,2,1
2402,-28,95,136,2,2.7432000000000003,2,1
2046,0,0,67,2,0.0,1,1
201143,32,257,199,3,7.62,5,0
2031,-141,145,638,2,6.096,3,0
358,121,141,621,2,5.486400000000001,4,0
2216,17,0,331,2,0.3048,1,1
389,-56,11,30,2,1.524,2,0
2060,38,207,178,2,6.4008,4,0
686,-1,128,342,2,3.6576000000000004,2,0
201146,72,247,35,3,7.62,5,1
201563,-5,11,456,2,0.3048,1,1
1629134,-16,138,246,2,3.9624,2,0
1740,-164,-13,367,2,4.8768,3,0
896,0,0,214,2,0.0,1,0
1711,-170,203,111,3,7.9248,5,0
200765,0,0,197,2,0.0,1,0
203490,33,101,256,2,3.048,2,0
185,0,0,75,2,0.0,1,1
2732,146,43,460,2,4.572,4,0
201144,2,173,682,2,5.1816,4,0
703,-160,-4,346,2,4.8768,3,0
203584,-35,180,542,2,5.486400000000001,4,1
979,111,113,4,2,4.572,4,0
201162,62,243,700,3,7.62,5,0
201583,0,0,485,2,0.0,1,1
224,47,92,634,2,3.048,2,0
1716,111,40,705,2,3.3528000000000002,4,0
202711,19,8,421,2,0.6096,1,0
96,-29,36,234,2,1.2192,2,0
1500,0,0,640,2,0.0,1,1
203933,64,75,605,2,2.7432000000000003,2,1
2617,0,0,180,2,0.0,1,1
1517,130,153,91,2,6.096,4,1
1885,-79,48,622,2,2.7432000000000003,2,1
201147,-230,13,490,3,7.010400000000001,6,0
203613,-3,8,9,2,0.0,1,1
448,11,9,403,2,0.3048,1,0
15,0,0,612,2,0.0,1,0
2039,-164,124,129,2,6.096,3,0
1889,0,0,462,2,0.0,1,0
980,-6,-5,315,2,0.0,1,1
201586,138,154,669,2,6.096,4,0
201587,129,31,425,2,3.9624,4,0
949,0,0,175,2,0.0,1,1
203145,-228,7,600,3,6.7056000000000004,6,1
694,-205,134,139,3,7.315200000000001,5,0
2124,72,25,188,2,2.1336,2,1
203953,1,183,455,2,5.486400000000001,4,0
446,-92,226,485,3,7.315200000000001,5,1
1717,123,222,61,3,7.62,5,0
202689,-106,63,523,2,3.6576000000000004,3,1
201959,176,-2,173,2,5.1816,4,0
202322,76,172,1,2,5.486400000000001,4,0
915,-221,-2,338,3,6.7056000000000004,6,0
200755,-114,160,461,2,5.7912,3,1
951,-77,137,700,2,4.572,2,0
202727,16,22,110,2,0.6096,1,0
101109,-17,6,547,2,0.3048,1,1
1749,56,169,561,2,5.1816,4,1
201959,-24,3,555,2,0.6096,1,0
2594,-44,255,211,3,7.62,5,0
101123,-168,175,526,3,7.315200000000001,5,1
203468,57,26,231,2,1.8288000000000002,2,0
203076,4,0,93,2,0.0,1,1
201959,-16,23,28,2,0.6096,1,0
2211,239,11,338,3,7.010400000000001,6,0
1628398,13,7,360,2,0.3048,1,0
417,-109,164,340,2,5.7912,3,1
2056,-141,-16,210,2,4.2672,3,0
1729,146,7,119,2,4.2672,4,1
201952,-6,204,247,2,6.096,4,1
2436,0,0,383,2,0.0,1,1
2109,189,38,192,2,5.7912,4,0
2422,0,0,49,2,0.0,1,0
147,105,146,606,2,5.1816,4,1
2863,133,12,566,2,3.9624,4,1
203114,113,44,472,2,3.6576000000000004,4,0
201566,0,151,384,2,4.572,4,1
202697,-242,-13,343,3,7.315200000000001,6,0
2548,158,100,235,2,5.486400000000001,4,0
89,223,61,377,3,7.010400000000001,6,1
1495,-153,25,344,2,4.572,3,0
2405,-122,165,160,2,6.096,3,0
201563,4,7,250,2,0.0,1,1
202388,159,225,1,3,8.2296,5,0
1956,236,-3,684,3,7.010400000000001,6,0
711,8,56,245,2,1.524,2,0
1886,-68,18,172,2,2.1336,2,1
2594,-29,246,353,3,7.315200000000001,5,1
1626156,168,221,446,3,8.2296,5,1
1628021,0,-6,224,2,0.0,1,0
2399,222,116,199,3,7.62,5,0
283,104,244,19,3,7.9248,5,0
202322,-235,-14,194,3,7.010400000000001,6,0
913,0,0,711,2,0.0,1,0
383,-187,105,532,2,6.4008,3,0
977,-182,171,201,3,7.315200000000001,5,0
201933,1,6,470,2,0.0,1,0
952,-149,216,411,3,7.9248,5,0
1627761,-158,11,306,2,4.572,3,0
2037,-36,46,195,2,1.524,2,1
1747,179,4,123,2,5.1816,4,0
201977,233,15,387,3,7.010400000000001,6,0
203901,34,129,201,2,3.9624,2,0
101112,0,0,83,2,0.0,1,0
1719,0,0,670,2,0.0,1,1
1629673,230,27,5,3,7.010400000000001,6,0
1889,3,4,386,2,0.0,1,1
202325,9,30,537,2,0.9144000000000001,1,0
1761,0,0,654,2,0.0,1,0
201160,-27,14,182,2,0.9144000000000001,1,1
1065,38,194,444,2,5.7912,4,0
1629060,150,209,365,3,7.62,5,0
934,-98,97,355,2,3.9624,3,1
2137,-43,163,685,2,4.8768,4,1
2047,-142,217,152,3,7.62,5,0
87,57,23,373,2,1.8288000000000002,2,1
467,111,162,182,2,5.7912,4,1
915,89,10,397,2,2.4384,4,0
2590,-82,209,593,2,6.7056000000000004,3,1
1088,32,112,261,2,3.3528000000000002,2,0
2210,-77,176,413,2,5.7912,3,0
2544,-57,108,326,2,3.6576000000000004,2,1
202331,20,268,329,3,7.9248,5,0
201565,-145,115,278,2,5.486400000000001,3,0
201565,-209,137,20,3,7.315200000000001,5,0
1885,0,0,430,2,0.0,1,1
201563,32,246,465,3,7.315200000000001,5,0
2207,-34,52,264,2,1.8288000000000002,2,0
358,0,0,382,2,0.0,1,0
202391,14,7,65,2,0.3048,1,1
1629018,19,269,549,3,7.9248,5,0
202691,71,242,42,3,7.62,5,0
978,-141,212,235,3,7.62,5,0
977,94,247,616,3,7.9248,5,0
757,203,148,553,3,7.62,5,1
2749,-168,-5,188,2,4.8768,3,0
1720,-178,-6,106,2,5.1816,3,0
1897,156,5,334,2,4.572,4,1
2052,225,-3,380,3,6.7056000000000004,6,0
2571,-19,9,51,2,0.6096,1,0
754,-184,174,706,3,7.62,5,1
2400,87,20,113,2,2.4384,4,0
406,2,7,398,2,0.0,1,1
2061,30,207,309,2,6.096,4,0
1890,0,0,3,2,0.0,1,1
101131,90,43,493,2,2.7432000000000003,4,0
2046,0,0,423,2,0.0,1,1
1891,-119,228,565,3,7.62,5,0
201145,77,265,250,3,8.2296,5,1
2571,0,0,142,2,0.0,1,0
1531,0,0,568,2,0.0,1,1
2436,-6,-8,276,2,0.3048,1,1
202730,-6,41,110,2,1.2192,2,0
203954,0,-6,690,2,0.0,1,1
949,20,10,188,2,0.6096,1,1
1629066,-16,1,382,2,0.3048,1,1
428,89,160,558,2,5.486400000000001,4,1
202691,123,144,80,2,5.486400000000001,4,0
203897,-184,159,93,3,7.315200000000001,5,1
2216,9,47,340,2,1.2192,2,0
203076,-110,223,322,3,7.315200000000001,5,1
2756,66,239,485,3,7.315200000000001,5,0
201566,-229,22,153,3,7.010400000000001,6,0
1495,18,40,30,2,1.2192,2,0
1626181,-111,170,593,2,6.096,3,0
203953,-1,7,148,2,0.0,1,0
2200,0,0,209,2,0.0,1,0
2546,203,148,375,3,7.62,5,0
2561,-97,170,375,2,5.7912,3,1
1903,56,179,122,2,5.486400000000001,4,1
361,11,51,414,2,1.524,2,0
200756,0,0,575,2,0.0,1,1
201142,-26,212,2,2,6.4008,4,0
201147,151,86,50,2,5.1816,4,0
2041,43,56,620,2,2.1336,2,1
1889,77,127,183,2,4.2672,2,1
101138,-29,77,195,2,2.4384,2,1
201945,-4,6,582,2,0.0,1,1
2216,20,0,642,2,0.6096,1,1
201148,7,8,594,2,0.3048,1,1
2211,190,167,260,3,7.62,5,0
201242,203,181,608,3,8.2296,5,0
203506,156,228,441,3,8.2296,5,0
469,-27,80,162,2,2.4384,2,1
202083,-243,-19,412,3,7.315200000000001,6,0
2679,58,115,588,2,3.6576000000000004,2,1
201588,-60,242,486,3,7.315200000000001,5,1
2047,46,10,650,2,1.2192,2,0
203115,121,31,102,2,3.6576000000000004,4,0
1628469,49,254,565,3,7.62,5,1
2736,9,4,510,2,0.0,1,1
101114,0,0,486,2,0.0,1,0
2550,182,184,460,3,7.62,5,0
2260,130,86,486,2,4.572,4,0
201153,0,0,667,2,0.0,1,1
739,-69,258,252,3,7.9248,5,1
200765,4,48,124,2,1.2192,2,1
201581,-5,9,507,2,0.3048,1,1
397,178,110,101,2,6.096,4,0
203078,-11,8,508,2,0.3048,1,1
948,0,0,518,2,0.0,1,0
1886,149,155,0,2,6.4008,4,1
1515,-8,19,539,2,0.6096,1,1
947,0,0,6,2,0.0,1,1
203901,-5,15,413,2,0.3048,1,0
201961,130,159,110,2,6.096,4,0
2050,108,120,212,2,4.8768,4,0
1629639,32,257,593,3,7.62,5,0
1863,50,123,545,2,3.9624,2,1
202738,53,9,55,2,1.524,2,0
689,0,0,591,2,0.0,1,1
57,-147,93,474,2,5.1816,3,0
1734,51,89,469,2,3.048,2,0
203933,22,7,444,2,0.6096,1,1
1629598,230,32,41,3,7.010400000000001,6,0
400,-149,109,185,2,5.486400000000001,3,1
203901,-32,31,624,2,1.2192,2,0
2735,-4,9,573,2,0.0,1,1
201943,45,242,486,3,7.315200000000001,5,0
2243,204,25,675,2,6.096,4,1
200760,247,19,288,3,7.315200000000001,6,0
467,-227,17,198,3,6.7056000000000004,6,0
2419,40,164,313,2,4.8768,4,0
1536,39,58,55,2,1.8288000000000002,2,0
951,-235,156,512,3,8.5344,5,0
1513,0,0,696,2,0.0,1,1
2037,13,153,649,2,4.572,4,1
2216,141,107,274,2,5.1816,4,0
406,0,0,465,2,0.0,1,0
406,-132,72,688,2,4.572,3,1
947,55,149,269,2,4.572,4,0
202330,-70,58,702,2,2.7432000000000003,2,0
893,87,169,49,2,5.7912,4,0
201587,0,-6,333,2,0.0,1,1
2754,12,11,572,2,0.3048,1,1
1629633,23,260,382,3,7.9248,5,0
202338,54,20,158,2,1.524,2,0
1802,34,33,421,2,1.2192,2,1
2210,-209,118,124,3,7.315200000000001,5,0
203585,79,255,549,3,7.9248,5,1
779,0,0,314,2,0.0,1,0
937,0,0,326,2,0.0,1,0
978,0,0,265,2,0.0,1,1
922,-162,30,7,2,4.8768,3,0
202693,36,17,327,2,0.9144000000000001,1,1
722,105,23,30,2,3.048,4,0
2429,-10,31,639,2,0.9144000000000001,1,0
56,1,25,339,2,0.6096,1,1
2045,-199,176,496,3,7.9248,5,0
441,136,224,470,3,7.9248,5,0
1882,0,0,559,2,0.0,1,1
101153,121,155,615,2,5.7912,4,0
406,23,8,234,2,0.6096,1,1
202703,-188,168,318,3,7.62,5,1
201957,73,12,138,2,2.1336,2,0
1894,-179,187,514,3,7.62,5,0
714,-29,224,448,2,6.7056000000000004,4,0
45,66,222,579,2,7.010400000000001,4,1
2562,16,10,302,2,0.3048,1,0
389,-102,-3,495,2,3.048,3,0
324,0,0,536,2,0.0,1,0
1628966,231,26,449,3,7.010400000000001,6,0
77,-149,219,89,3,7.9248,5,0
203112,78,238,706,3,7.62,5,1
200751,-189,169,108,3,7.62,5,0
2804,100,26,241,2,3.048,4,0
101114,-136,208,60,3,7.315200000000001,5,1
397,148,133,468,2,5.7912,4,0
201579,2,66,528,2,1.8288000000000002,2,0
1749,0,0,42,2,0.0,1,1
699,-225,13,217,3,6.7056000000000004,6,0
234,-145,106,415,2,5.1816,3,0
238,0,0,705,2,0.0,1,1
977,0,0,236,2,0.0,1,1
757,-235,45,331,3,7.010400000000001,6,1
101185,136,215,365,3,7.62,5,0
2248,-87,176,150,2,5.7912,3,0
203506,242,37,88,3,7.315200000000001,6,1
711,0,0,279,2,0.0,1,1
959,184,151,144,3,7.010400000000001,5,0
201162,-23,1,57,2,0.6096,1,0
202711,-191,168,509,3,7.62,5,0
2748,31,91,134,2,2.7432000000000003,2,0
77,149,196,529,3,7.315200000000001,5,0
949,-21,59,652,2,1.8288000000000002,2,1
2410,-107,247,340,3,7.9248,5,0
2590,138,201,399,3,7.315200000000001,5,1
2742,21,15,61,2,0.6096,1,1
202087,53,50,530,2,2.1336,2,0
203084,24,0,654,2,0.6096,1,0
467,72,169,609,2,5.486400000000001,4,1
201147,-70,20,5,2,2.1336,2,0
2225,129,159,276,2,6.096,4,0
1536,-108,53,52,2,3.6576000000000004,3,0
959,0,0,23,2,0.0,1,0
101137,1,192,40,2,5.7912,4,0
446,98,245,582,3,7.9248,5,0
201,0,0,526,2,0.0,1,0
1717,22,17,95,2,0.6096,1,0
1713,-57,129,364,2,4.2672,2,0
1717,170,33,575,2,5.1816,4,1
2404,-31,58,197,2,1.8288000000000002,2,1
2045,0,0,243,2,0.0,1,1
1442,117,28,477,2,3.6576000000000004,4,1
203953,-185,171,296,3,7.62,5,0
101114,-164,71,371,2,5.1816,3,0
1627759,128,5,211,2,3.6576000000000004,4,1
923,-199,1,33,2,5.7912,3,1
201944,97,66,56,2,3.3528000000000002,4,0
101108,-159,49,164,2,4.8768,3,1
203109,-246,62,33,3,7.62,6,0
101123,75,155,699,2,5.1816,4,0
101108,-100,173,549,2,5.7912,3,0
201942,143,28,531,2,4.2672,4,0
200811,-4,63,403,2,1.8288000000000002,2,0
757,-91,222,164,3,7.010400000000001,5,0
202730,162,-10,413,2,4.8768,4,0
1627732,-136,163,249,2,6.4008,3,0
2575,227,5,213,3,6.7056000000000004,6,0
101155,1,47,138,2,1.2192,2,0
243,-89,267,250,3,8.5344,5,0
949,-69,92,627,2,3.3528000000000002,2,0
708,-59,63,105,2,2.4384,2,0
757,-23,261,431,3,7.9248,5,0
1891,-158,5,439,2,4.572,3,0
979,-18,181,316,2,5.486400000000001,4,0
201583,21,6,491,2,0.6096,1,0
1888,-94,84,436,2,3.6576000000000004,3,1
1065,0,0,76,2,0.0,1,0
281,71,155,286,2,5.1816,4,0
727,-56,176,547,2,5.486400000000001,4,1
2572,38,82,188,2,2.7432000000000003,2,1
201980,-182,189,547,3,7.9248,5,0
1626143,-8,19,640,2,0.6096,1,0
201573,190,0,84,2,5.7912,4,0
1503,-123,225,266,3,7.62,5,1
101106,-34,39,643,2,1.524,2,0
2592,234,34,370,3,7.010400000000001,6,0
1628021,0,1,229,2,0.0,1,1
673,-59,40,82,2,2.1336,2,0
201945,-73,164,320,2,5.1816,3,0
200755,168,50,266,2,5.1816,4,0
1628374,-7,2,683,2,0.0,1,1
203138,-235,-22,363,3,7.010400000000001,6,0
2073,31,202,65,2,6.096,4,0
923,236,-9,558,3,7.010400000000001,6,1
2225,146,81,249,2,4.8768,4,1
200782,-237,26,575,3,7.010400000000001,6,1
201158,19,159,21,2,4.8768,4,0
952,0,0,547,2,0.0,1,1
2804,15,196,40,2,5.7912,4,0
686,0,0,50,2,0.0,1,0
201627,-172,179,43,3,7.315200000000001,5,1
203118,136,216,667,3,7.62,5,1
202330,-2,16,677,2,0.3048,1,1
1628384,130,219,558,3,7.62,5,0
213,0,0,215,2,0.0,1,1
201574,-78,149,591,2,4.8768,3,1
201564,170,195,423,3,7.62,5,0
200771,-228,15,79,3,6.7056000000000004,6,0
893,100,130,169,2,4.8768,4,1
204060,-11,96,187,2,2.7432000000000003,2,0
101139,18,30,241,2,0.9144000000000001,1,1
1629639,-106,248,174,3,7.9248,5,0
201580,-9,35,473,2,0.9144000000000001,1,0
1891,105,224,68,3,7.315200000000001,5,0
101108,152,199,594,3,7.62,5,1
2744,-193,88,111,2,6.4008,3,1
2405,0,0,60,2,0.0,1,1
2736,-117,161,598,2,5.7912,3,0
898,143,143,471,2,6.096,4,0
2210,0,0,360,2,0.0,1,0
202357,-34,4,443,2,0.9144000000000001,1,1
243,-164,63,465,2,5.1816,3,1
101150,243,36,413,3,7.315200000000001,6,0
201577,-10,6,95,2,0.3048,1,1
200779,-180,173,269,3,7.315200000000001,5,1
252,149,72,198,2,4.8768,4,0
951,121,57,240,2,3.9624,4,0
2548,47,167,463,2,5.1816,4,0
978,93,229,276,3,7.315200000000001,5,1
2744,-97,145,606,2,5.1816,3,0
1889,0,0,221,2,0.0,1,1
201572,4,269,380,3,7.9248,5,0
2030,16,4,123,2,0.3048,1,1
2554,230,105,173,3,7.62,5,0
1882,8,57,420,2,1.524,2,0
101131,-125,124,244,2,5.1816,3,1
201568,-174,170,285,3,7.315200000000001,5,0
1888,-153,23,601,2,4.572,3,0
1713,187,160,376,3,7.315200000000001,5,0
202713,113,116,629,2,4.8768,4,0
2200,-143,141,486,2,6.096,3,1
1628467,-170,216,506,3,8.2296,5,0
977,95,28,267,2,2.7432000000000003,4,1
202396,-10,11,187,2,0.3048,1,1
2756,0,0,436,2,0.0,1,0
101154,92,25,673,2,2.7432000000000003,4,0
203935,182,178,187,3,7.62,5,0
2072,0,0,161,2,0.0,1,1
201957,-122,14,624,2,3.6576000000000004,3,0
2747,-4,0,79,2,0.0,1,1
201627,-180,4,40,2,5.486400000000001,3,1
1890,7,6,217,2,0.0,1,0
164,-132,115,232,2,5.1816,3,0
201933,-132,101,10,2,4.8768,3,1
1497,-232,7,279,3,7.010400000000001,6,0
2221,181,22,93,2,5.486400000000001,4,1
711,33,215,3,2,6.4008,4,1
84,0,0,10,2,0.0,1,1
1712,163,-28,17,2,4.8768,4,0
369,-18,214,57,2,6.4008,4,1
185,0,5,706,2,0.0,1,1
1628378,116,225,9,3,7.62,5,0
201579,-15,4,290,2,0.3048,1,0
1712,151,-5,331,2,4.572,4,1
203077,-228,151,207,3,8.2296,5,1
201988,-6,70,427,2,2.1336,2,0
1515,-130,168,467,2,6.4008,3,0
202689,-2,7,328,2,0.0,1,1
1626179,-90,281,265,3,8.8392,5,1
361,0,0,434,2,0.0,1,0
693,-124,156,104,2,5.7912,3,1
203992,72,246,506,3,7.62,5,1
203468,-123,132,498,2,5.486400000000001,3,1
101114,9,72,374,2,2.1336,2,0
185,119,130,500,2,5.1816,4,0
2756,0,214,496,2,6.4008,4,0
200767,0,0,426,2,0.0,1,0
202349,-134,201,47,3,7.315200000000001,5,0
1718,233,4,208,3,7.010400000000001,6,1
1897,-74,257,373,3,7.9248,5,0
1887,180,95,498,2,6.096,4,0
2207,-235,-15,153,3,7.010400000000001,6,1
1626179,-124,154,3,2,5.7912,3,0
1725,94,20,66,2,2.7432000000000003,4,0
204020,-117,225,596,3,7.62,5,1
203123,-232,14,92,3,7.010400000000001,6,1
2768,-232,17,140,3,7.010400000000001,6,0
203078,17,13,582,2,0.6096,1,0
101114,138,173,401,2,6.7056000000000004,4,1
1924,0,0,192,2,0.0,1,1
297,1,59,707,2,1.524,2,0
1737,5,5,344,2,0.0,1,1
965,-75,17,395,2,2.1336,2,0
1628386,1,6,295,2,0.0,1,0
1626164,110,26,28,2,3.3528000000000002,4,0
202330,-2,31,563,2,0.9144000000000001,1,1
2224,113,45,64,2,3.6576000000000004,4,0
1628418,-81,258,218,3,8.2296,5,0
201977,0,0,390,2,0.0,1,1
299,0,0,538,2,0.0,1,0
221,-12,28,624,2,0.9144000000000001,1,1
98,-147,38,394,2,4.572,3,1
696,30,19,193,2,0.9144000000000001,1,1
202326,1,88,386,2,2.4384,2,0
203521,-24,80,313,2,2.4384,2,0
101141,34,7,314,2,0.9144000000000001,1,1
200768,-34,15,145,2,0.9144000000000001,1,1
203186,-34,90,473,2,2.7432000000000003,2,0
2405,97,173,419,2,5.7912,4,1
2210,0,0,483,2,0.0,1,1
201577,-16,8,457,2,0.3048,1,0
436,25,25,73,2,0.9144000000000001,1,0
1628378,237,11,399,3,7.010400000000001,6,1
200768,-15,186,213,2,5.486400000000001,4,0
